ESTUDIANTE,PERIODO,PROMEDIO_GENERAL,PEOR_PROMEDIO,ASISTENCIA_PROMEDIO,MAX_INTENTOS,MATERIAS_REPROBADAS,TOTAL_MATERIAS,TASA_REPROBACION,PUNTOS_DESERTOR,CATEGORIA
Estudiante 1,2024 - 2025 CII,0.00,0.00,0.00,1,7,7,1.00,3,DESERTOR
Estudiante 2,2025 - 2026 CI,8.28,7.27,91.20,3,0,5,0.00,0,ALTO
Estudiante 3,2025 - 2026 CI,9.30,8.55,100.00,1,0,7,0.00,0,BAJO
Estudiante 4,2025 - 2026 CI,8.60,7.39,100.00,1,0,7,0.00,0,BAJO
Estudiante 5,2025 - 2026 CI,7.74,7.00,98.00,2,0,3,0.00,0,ALTO
Estudiante 6,2025 - 2026 CI,9.29,8.31,99.43,1,0,7,0.00,0,BAJO
Estudiante 7,2025 - 2026 CI,7.64,7.14,95.00,2,0,4,0.00,0,ALTO
Estudiante 8,2025 - 2026 CI,8.71,7.33,100.00,1,0,7,0.00,0,BAJO
Estudiante 9,2024 - 2025 CII,0.00,0.00,0.00,1,7,7,1.00,3,DESERTOR
Estudiante 10,2025 - 2026 CI,9.24,8.59,99.43,1,0,7,0.00,0,BAJO
Estudiante 11,2025 - 2026 CI,8.78,7.18,99.43,1,0,7,0.00,0,BAJO
Estudiante 12,2025 - 2026 CI,8.87,7.10,99.43,1,0,7,0.00,0,BAJO
Estudiante 13,2025 - 2026 CI,9.02,7.93,98.00,1,0,7,0.00,0,BAJO
Estudiante 14,2024 - 2025 CII,0.00,0.00,0.00,1,7,7,1.00,3,DESERTOR
Estudiante 15,2025 - 2026 CI,8.89,7.01,99.43,1,0,7,0.00,0,BAJO
Estudiante 16,2025 - 2026 CI,8.52,7.88,95.50,2,0,8,0.00,0,ALTO
Estudiante 17,2025 - 2026 CI,8.95,7.31,97.14,1,0,7,0.00,0,BAJO
Estudiante 18,2025 - 2026 CI,9.33,7.95,100.00,1,0,7,0.00,0,BAJO
Estudiante 19,2025 - 2026 CI,9.26,7.99,100.00,1,0,7,0.00,0,BAJO
Estudiante 20,2024 - 2025 CII,0.00,0.00,0.00,1,7,7,1.00,3,DESERTOR
Estudiante 21,2025 - 2026 CI,8.98,7.24,98.57,1,0,7,0.00,0,BAJO
Estudiante 22,2025 - 2026 CI,9.41,7.90,99.43,1,0,7,0.00,0,BAJO
Estudiante 23,2025 - 2026 CI,8.72,6.70,100.00,1,1,7,0.14,0,BAJO
Estudiante 24,2025 - 2026 CI,9.07,7.39,100.00,1,0,7,0.00,0,BAJO
Estudiante 25,2025 - 2026 CI,9.49,8.45,100.00,1,0,7,0.00,0,BAJO
Estudiante 26,2025 - 2026 CI,7.44,4.37,81.20,2,1,5,0.20,0,ALTO
Estudiante 27,2025 - 2026 CI,8.89,8.16,100.00,1,0,7,0.00,0,BAJO
Estudiante 28,2025 - 2026 CI,8.76,7.94,96.80,2,0,5,0.00,0,ALTO
Estudiante 29,2025 - 2026 CI,8.86,7.40,99.43,1,0,7,0.00,0,BAJO
Estudiante 30,2025 - 2026 CI,9.06,7.85,96.57,1,0,7,0.00,0,BAJO
Estudiante 31,2024 - 2025 CII,0.00,0.00,0.00,1,7,7,1.00,3,DESERTOR
Estudiante 32,2025 - 2026 CI,8.50,7.00,96.29,1,0,7,0.00,0,BAJO
Estudiante 33,2025 - 2026 CI,8.67,7.26,94.57,1,0,7,0.00,0,BAJO
Estudiante 34,2025 - 2026 CI,0.00,0.00,2.43,2,7,7,1.00,3,DESERTOR
Estudiante 35,2025 - 2026 CI,0.73,0.00,6.25,1,4,4,1.00,3,DESERTOR
Estudiante 36,2025 - 2026 CI,8.93,7.77,98.33,2,0,6,0.00,0,ALTO
Estudiante 37,2025 - 2026 CI,8.95,7.12,100.00,1,0,7,0.00,0,BAJO
Estudiante 38,2025 - 2026 CI,3.51,0.00,39.50,2,5,6,0.83,3,DESERTOR
Estudiante 39,2025 - 2026 CI,6.02,2.87,74.00,2,2,3,0.67,0,ALTO
Estudiante 40,2025 - 2026 CI,8.71,7.47,98.86,1,0,7,0.00,0,BAJO
Estudiante 41,2025 - 2026 CI,9.29,8.60,99.14,1,0,7,0.00,0,BAJO
Estudiante 42,2025 - 2026 CI,7.82,4.96,98.33,2,1,6,0.17,0,ALTO
Estudiante 43,2025 - 2026 CI,8.72,7.44,99.43,1,0,7,0.00,0,BAJO
Estudiante 44,2025 - 2026 CI,8.59,7.22,97.43,1,0,7,0.00,0,BAJO
Estudiante 45,2025 - 2026 CI,9.20,7.15,98.57,1,0,7,0.00,0,BAJO
Estudiante 46,2025 - 2026 CI,5.96,0.95,76.80,1,2,5,0.40,0,ALTO
Estudiante 47,2025 - 2026 CI,8.73,7.28,100.00,1,0,7,0.00,0,BAJO
Estudiante 48,2024 - 2025 CII,0.00,0.00,0.00,1,6,6,1.00,3,DESERTOR
Estudiante 49,2025 - 2026 CI,9.20,7.11,100.00,1,0,7,0.00,0,BAJO
Estudiante 50,2025 - 2026 CI,8.81,8.20,99.33,2,0,6,0.00,0,ALTO
Estudiante 51,2025 - 2026 CI,8.73,7.01,100.00,1,0,7,0.00,0,BAJO
Estudiante 52,2025 - 2026 CI,5.75,0.00,58.50,2,3,6,0.50,0,ALTO
Estudiante 53,2025 - 2026 CI,8.49,7.10,95.40,1,0,5,0.00,0,BAJO
Estudiante 54,2024 - 2025 CII,2.05,0.00,66.00,1,7,7,1.00,2,DESERTOR
Estudiante 55,2025 - 2026 CI,9.24,8.70,95.67,2,0,6,0.00,0,ALTO
Estudiante 56,2025 - 2026 CI,8.58,7.83,99.33,2,0,6,0.00,0,ALTO
Estudiante 57,2025 - 2026 CI,6.18,2.51,90.33,2,2,6,0.33,0,ALTO
Estudiante 58,2025 - 2026 CI,8.79,7.01,99.43,1,0,7,0.00,0,BAJO
Estudiante 59,2025 - 2026 CI,8.97,7.50,95.60,1,0,5,0.00,0,BAJO
Estudiante 60,2025 - 2026 CI,7.16,5.71,95.00,2,1,3,0.33,0,ALTO
Estudiante 61,2024 - 2025 CII,7.95,5.63,94.57,1,1,7,0.14,0,BAJO
Estudiante 62,2024 - 2025 CII,0.00,0.00,0.00,1,6,6,1.00,3,DESERTOR
Estudiante 63,2024 - 2025 CII,1.75,0.00,30.57,1,7,7,1.00,3,DESERTOR
Estudiante 64,2025 - 2026 CI,8.78,5.64,96.57,1,1,7,0.14,0,BAJO
Estudiante 65,2025 - 2026 CI,8.94,7.15,99.14,1,0,7,0.00,0,BAJO
Estudiante 66,2025 - 2026 CI,8.80,7.30,98.57,1,0,7,0.00,0,BAJO
Estudiante 67,2025 - 2026 CI,4.68,1.88,83.80,2,5,5,1.00,1,ALTO
Estudiante 68,2025 - 2026 CI,8.97,8.22,99.33,2,0,6,0.00,0,ALTO
Estudiante 69,2025 - 2026 CI,5.71,2.82,85.60,2,2,5,0.40,0,ALTO
Estudiante 70,2024 - 2025 CII,7.70,4.20,96.14,1,2,7,0.29,0,MEDIO
Estudiante 71,2025 - 2026 CI,8.92,7.13,100.00,1,0,7,0.00,0,BAJO
Estudiante 72,2025 - 2026 CI,9.05,7.62,98.71,1,0,7,0.00,0,BAJO
Estudiante 73,2025 - 2026 CI,9.09,7.60,98.71,1,0,7,0.00,0,BAJO
Estudiante 74,2025 - 2026 CI,8.79,7.11,99.43,1,0,7,0.00,0,BAJO
Estudiante 75,2025 - 2026 CI,8.34,7.40,96.71,1,0,7,0.00,0,BAJO
Estudiante 76,2025 - 2026 CI,4.14,0.00,61.00,2,4,6,0.67,0,ALTO
Estudiante 77,2024 - 2025 CII,0.00,0.00,0.00,1,7,7,1.00,3,DESERTOR
Estudiante 78,2024 - 2025 CII,0.48,0.00,14.29,1,7,7,1.00,3,DESERTOR
Estudiante 79,2024 - 2025 CII,0.00,0.00,0.00,1,5,5,1.00,3,DESERTOR
Estudiante 80,2025 - 2026 CI,8.85,8.59,98.50,1,0,4,0.00,0,BAJO
Estudiante 81,2025 - 2026 CI,8.63,7.06,94.40,1,0,5,0.00,0,BAJO
Estudiante 82,2024 - 2025 CII,7.30,5.74,96.75,2,2,4,0.50,0,ALTO
Estudiante 83,2025 - 2026 CI,0.00,0.00,0.00,1,5,5,1.00,3,DESERTOR
Estudiante 84,2025 - 2026 CI,8.50,7.15,95.33,1,0,6,0.00,0,BAJO
Estudiante 85,2025 - 2026 CI,7.48,7.12,92.33,1,0,6,0.00,0,MEDIO
Estudiante 86,2024 - 2025 CII,0.00,0.00,0.00,2,3,3,1.00,3,DESERTOR
Estudiante 87,2024 - 2025 CII,7.80,7.80,97.00,1,0,1,0.00,0,BAJO
Estudiante 88,2025 - 2026 CI,7.50,5.79,78.00,3,1,5,0.20,0,ALTO
Estudiante 89,2024 - 2025 CII,8.99,8.99,94.00,1,0,1,0.00,0,BAJO
Estudiante 90,2024 - 2025 CII,0.00,0.00,0.00,1,1,1,1.00,3,DESERTOR
Estudiante 91,2025 - 2026 CI,0.00,0.00,0.00,2,1,1,1.00,3,DESERTOR
Estudiante 92,2024 - 2025 CII,4.72,4.72,90.00,1,1,1,1.00,1,ALTO
Estudiante 93,2024 - 2025 CII,0.00,0.00,0.00,1,1,1,1.00,3,DESERTOR
Estudiante 94,2024 - 2025 CII,3.79,3.79,50.00,1,1,1,1.00,2,DESERTOR
Estudiante 95,2024 - 2025 CII,0.00,0.00,0.00,2,1,1,1.00,3,DESERTOR
Estudiante 96,2024 - 2025 CII,7.00,7.00,100.00,1,0,1,0.00,0,MEDIO
Estudiante 97,2024 - 2025 CII,0.00,0.00,0.00,1,1,1,1.00,3,DESERTOR
Estudiante 98,2024 - 2025 CII,0.00,0.00,0.00,2,1,1,1.00,3,DESERTOR
Estudiante 99,2024 - 2025 CII,9.50,9.50,100.00,1,0,1,0.00,0,BAJO
Estudiante 100,2025 - 2026 CI,8.35,7.65,94.33,1,0,6,0.00,0,BAJO
Estudiante 101,2024 - 2025 CII,0.00,0.00,0.00,1,1,1,1.00,3,DESERTOR
Estudiante 102,2024 - 2025 CII,7.43,7.43,90.00,1,0,1,0.00,0,MEDIO
Estudiante 103,2024 - 2025 CII,9.00,9.00,97.00,1,0,1,0.00,0,BAJO
Estudiante 104,2024 - 2025 CII,0.00,0.00,0.00,1,1,1,1.00,3,DESERTOR
Estudiante 105,2024 - 2025 CII,0.00,0.00,0.00,1,1,1,1.00,3,DESERTOR
Estudiante 106,2025 - 2026 CI,8.24,5.22,95.33,1,1,6,0.17,0,BAJO
Estudiante 107,2025 - 2026 CI,8.98,8.49,98.00,1,0,6,0.00,0,BAJO
Estudiante 108,2025 - 2026 CI,9.27,8.75,98.33,1,0,6,0.00,0,BAJO
Estudiante 109,2025 - 2026 CI,9.44,8.67,99.00,1,0,6,0.00,0,BAJO
Estudiante 110,2025 - 2026 CI,9.40,8.49,98.33,1,0,6,0.00,0,BAJO
Estudiante 111,2025 - 2026 CI,8.49,7.55,100.00,1,0,6,0.00,0,BAJO
Estudiante 112,2025 - 2026 CI,9.72,9.20,97.50,1,0,6,0.00,0,BAJO
Estudiante 113,2024 - 2025 CII,6.23,3.57,79.83,2,3,6,0.50,0,ALTO
Estudiante 114,2024 - 2025 CII,0.15,0.00,6.29,1,7,7,1.00,3,DESERTOR
Estudiante 115,2025 - 2026 CI,8.52,7.04,100.00,2,0,2,0.00,0,ALTO
Estudiante 116,2025 - 2026 CI,7.46,0.00,79.17,1,1,6,0.17,0,MEDIO
Estudiante 117,2025 - 2026 CI,8.85,8.18,98.71,1,0,7,0.00,0,BAJO
Estudiante 118,2025 - 2026 CI,8.71,7.05,97.20,2,0,5,0.00,0,ALTO
Estudiante 119,2025 - 2026 CI,9.03,8.59,94.17,1,0,6,0.00,0,BAJO
Estudiante 120,2025 - 2026 CI,8.58,7.00,95.29,2,0,7,0.00,0,ALTO
Estudiante 121,2025 - 2026 CI,9.09,8.66,95.00,1,0,6,0.00,0,BAJO
Estudiante 122,2024 - 2025 CII,0.81,0.00,10.71,1,7,7,1.00,3,DESERTOR
Estudiante 123,2025 - 2026 CI,8.67,7.97,88.25,1,0,4,0.00,0,BAJO
Estudiante 124,2025 - 2026 CI,8.49,7.70,96.83,1,0,6,0.00,0,BAJO
Estudiante 125,2025 - 2026 CI,8.76,7.00,100.00,2,0,5,0.00,0,ALTO
Estudiante 126,2024 - 2025 CII,0.00,0.00,0.00,1,7,7,1.00,3,DESERTOR
Estudiante 127,2025 - 2026 CI,8.84,7.76,100.00,1,0,6,0.00,0,BAJO
Estudiante 128,2025 - 2026 CI,9.12,8.32,99.33,1,0,6,0.00,0,BAJO
Estudiante 129,2025 - 2026 CI,9.24,8.07,100.00,1,0,6,0.00,0,BAJO
Estudiante 130,2025 - 2026 CI,8.74,7.12,100.00,2,0,5,0.00,0,ALTO
Estudiante 131,2025 - 2026 CI,9.52,8.83,100.00,1,0,6,0.00,0,BAJO
Estudiante 132,2025 - 2026 CI,9.13,8.64,98.67,1,0,6,0.00,0,BAJO
Estudiante 133,2025 - 2026 CI,8.98,8.28,97.00,1,0,6,0.00,0,BAJO
Estudiante 134,2025 - 2026 CI,8.72,7.78,95.29,1,0,7,0.00,0,BAJO
Estudiante 135,2025 - 2026 CI,9.71,9.25,97.67,1,0,6,0.00,0,BAJO
Estudiante 136,2024 - 2025 CII,0.00,0.00,0.00,1,5,5,1.00,3,DESERTOR
Estudiante 137,2025 - 2026 CI,9.58,9.00,99.43,1,0,7,0.00,0,BAJO
Estudiante 138,2025 - 2026 CI,9.26,8.50,95.17,1,0,6,0.00,0,BAJO
Estudiante 139,2025 - 2026 CI,8.15,4.90,97.00,2,1,6,0.17,0,ALTO
Estudiante 140,2025 - 2026 CI,8.56,8.13,98.67,1,0,6,0.00,0,BAJO
Estudiante 141,2025 - 2026 CI,9.27,8.61,100.00,1,0,6,0.00,0,BAJO
Estudiante 142,2025 - 2026 CI,9.76,9.37,99.14,1,0,7,0.00,0,BAJO
Estudiante 143,2025 - 2026 CI,9.12,8.01,98.80,2,0,5,0.00,0,ALTO
Estudiante 144,2025 - 2026 CI,10.00,10.00,100.00,1,0,6,0.00,0,BAJO
Estudiante 145,2025 - 2026 CI,9.45,9.33,97.17,1,0,6,0.00,0,BAJO
Estudiante 146,2025 - 2026 CI,9.65,9.34,100.00,1,0,6,0.00,0,BAJO
Estudiante 147,2025 - 2026 CI,8.81,7.95,97.00,1,0,6,0.00,0,BAJO
Estudiante 148,2025 - 2026 CI,9.09,8.23,98.67,1,0,6,0.00,0,BAJO
Estudiante 149,2025 - 2026 CI,9.29,8.98,100.00,1,0,6,0.00,0,BAJO
Estudiante 150,2025 - 2026 CI,8.02,7.42,95.00,1,0,3,0.00,0,BAJO
Estudiante 151,2025 - 2026 CI,9.93,9.68,98.50,1,0,6,0.00,0,BAJO
Estudiante 152,2025 - 2026 CI,9.79,9.32,94.83,1,0,6,0.00,0,BAJO
Estudiante 153,2025 - 2026 CI,9.54,9.16,98.33,1,0,6,0.00,0,BAJO
Estudiante 154,2025 - 2026 CI,0.00,0.00,0.67,2,6,6,1.00,3,DESERTOR
Estudiante 155,2025 - 2026 CI,8.43,8.08,92.40,1,0,5,0.00,0,BAJO
Estudiante 156,2025 - 2026 CI,8.26,7.00,92.33,2,0,6,0.00,0,ALTO
Estudiante 157,2025 - 2026 CI,8.51,7.18,98.33,1,0,6,0.00,0,BAJO
Estudiante 158,2025 - 2026 CI,7.96,7.26,87.17,1,0,6,0.00,0,BAJO
Estudiante 159,2025 - 2026 CI,8.74,7.73,98.40,1,0,5,0.00,0,BAJO
Estudiante 160,2025 - 2026 CI,8.60,8.31,87.00,2,0,2,0.00,0,ALTO
Estudiante 161,2025 - 2026 CI,8.93,7.57,99.50,1,0,6,0.00,0,BAJO
Estudiante 162,2025 - 2026 CI,8.05,7.26,98.67,1,0,3,0.00,0,BAJO
Estudiante 163,2024 - 2025 CII,5.93,5.93,92.00,1,1,1,1.00,1,ALTO
Estudiante 164,2024 - 2025 CII,8.18,8.18,96.00,1,0,1,0.00,0,BAJO
Estudiante 165,2024 - 2025 CII,7.87,7.87,96.00,1,0,1,0.00,0,BAJO
Estudiante 166,2024 - 2025 CII,2.61,2.61,62.00,1,1,1,1.00,2,DESERTOR
Estudiante 167,2024 - 2025 CII,7.96,7.96,81.00,2,0,1,0.00,0,ALTO
Estudiante 168,2024 - 2025 CII,0.00,0.00,0.00,1,1,1,1.00,3,DESERTOR
Estudiante 169,2024 - 2025 CII,8.16,8.16,96.00,1,0,1,0.00,0,BAJO
Estudiante 170,2024 - 2025 CII,5.20,5.20,84.00,1,1,1,1.00,1,ALTO
Estudiante 171,2024 - 2025 CII,6.65,6.65,90.00,1,1,1,1.00,1,ALTO
Estudiante 172,2025 - 2026 CI,8.25,8.25,100.00,1,0,1,0.00,0,BAJO
Estudiante 173,2024 - 2025 CII,8.20,8.20,81.00,1,0,1,0.00,0,BAJO
Estudiante 174,2024 - 2025 CII,5.73,5.73,96.00,1,1,1,1.00,1,ALTO
Estudiante 175,2024 - 2025 CII,0.00,0.00,0.00,2,1,1,1.00,3,DESERTOR
Estudiante 176,2024 - 2025 CII,6.94,6.94,100.00,1,1,1,1.00,1,ALTO
Estudiante 177,2024 - 2025 CII,8.26,8.26,94.00,1,0,1,0.00,0,BAJO
Estudiante 178,2025 - 2026 CI,8.89,7.78,100.00,1,0,5,0.00,0,BAJO
Estudiante 179,2024 - 2025 CII,0.00,0.00,0.00,1,1,1,1.00,3,DESERTOR
Estudiante 180,2024 - 2025 CII,6.56,6.56,100.00,1,1,1,1.00,1,ALTO
Estudiante 181,2024 - 2025 CII,8.48,8.48,94.00,1,0,1,0.00,0,BAJO
Estudiante 182,2025 - 2026 CI,9.16,8.08,97.00,1,0,6,0.00,0,BAJO
Estudiante 183,2025 - 2026 CI,8.78,7.30,96.67,1,0,6,0.00,0,BAJO
Estudiante 184,2025 - 2026 CI,0.00,0.00,6.20,1,5,5,1.00,3,DESERTOR
Estudiante 185,2025 - 2026 CI,8.90,7.96,98.86,1,0,7,0.00,0,BAJO
Estudiante 186,2025 - 2026 CI,8.82,7.79,98.67,1,0,6,0.00,0,BAJO
Estudiante 187,2025 - 2026 CI,8.64,7.41,99.43,1,0,7,0.00,0,BAJO
Estudiante 188,2025 - 2026 CI,8.77,8.01,97.14,1,0,7,0.00,0,BAJO
Estudiante 189,2025 - 2026 CI,8.58,7.16,93.67,1,0,6,0.00,0,BAJO
Estudiante 190,2025 - 2026 CI,9.05,8.32,99.33,1,0,6,0.00,0,BAJO
Estudiante 191,2025 - 2026 CI,9.03,8.19,99.50,1,0,6,0.00,0,BAJO
Estudiante 192,2025 - 2026 CI,8.16,7.58,93.17,1,0,6,0.00,0,BAJO
Estudiante 193,2025 - 2026 CI,9.29,8.92,100.00,1,0,6,0.00,0,BAJO
Estudiante 194,2024 - 2025 CII,0.21,0.00,19.33,1,6,6,1.00,3,DESERTOR
Estudiante 195,2025 - 2026 CI,9.11,8.39,96.50,1,0,6,0.00,0,BAJO
Estudiante 196,2025 - 2026 CI,9.71,9.19,100.00,1,0,6,0.00,0,BAJO
Estudiante 197,2025 - 2026 CI,9.00,8.31,100.00,1,0,6,0.00,0,BAJO
Estudiante 198,2025 - 2026 CI,8.89,8.12,99.50,1,0,6,0.00,0,BAJO
Estudiante 199,2025 - 2026 CI,7.43,3.56,93.50,1,1,6,0.17,0,MEDIO
Estudiante 200,2025 - 2026 CI,9.39,8.43,98.67,1,0,6,0.00,0,BAJO
Estudiante 201,2025 - 2026 CI,9.09,8.52,99.33,1,0,6,0.00,0,BAJO
Estudiante 202,2025 - 2026 CI,9.16,7.96,100.00,1,0,6,0.00,0,BAJO
Estudiante 203,2025 - 2026 CI,8.71,8.03,96.33,1,0,6,0.00,0,BAJO
Estudiante 204,2024 - 2025 CII,9.16,7.30,95.17,1,0,6,0.00,0,BAJO
Estudiante 205,2025 - 2026 CI,8.75,7.90,98.00,1,0,6,0.00,0,BAJO
Estudiante 206,2024 - 2025 CII,0.00,0.00,8.33,1,6,6,1.00,3,DESERTOR
Estudiante 207,2025 - 2026 CI,8.62,7.90,97.00,1,0,6,0.00,0,BAJO
Estudiante 208,2025 - 2026 CI,8.85,8.29,100.00,1,0,6,0.00,0,BAJO
Estudiante 209,2025 - 2026 CI,8.12,7.18,97.33,1,0,6,0.00,0,BAJO
Estudiante 210,2025 - 2026 CI,9.23,8.22,94.67,1,0,6,0.00,0,BAJO
Estudiante 211,2025 - 2026 CI,8.84,8.47,97.00,1,0,6,0.00,0,BAJO
Estudiante 212,2025 - 2026 CI,8.75,7.97,91.40,1,0,5,0.00,0,BAJO
Estudiante 213,2025 - 2026 CI,8.21,7.29,99.33,2,0,6,0.00,0,ALTO
Estudiante 214,2024 - 2025 CII,9.75,9.75,100.00,1,0,1,0.00,0,BAJO
Estudiante 215,2024 - 2025 CII,8.09,8.09,100.00,1,0,1,0.00,0,BAJO
Estudiante 216,2024 - 2025 CII,4.43,4.43,52.00,1,1,1,1.00,1,ALTO
Estudiante 217,2024 - 2025 CII,8.55,8.55,90.00,1,0,1,0.00,0,BAJO
Estudiante 218,2024 - 2025 CII,4.31,4.31,54.00,1,1,1,1.00,1,ALTO
Estudiante 219,2024 - 2025 CII,7.02,7.02,78.00,2,0,1,0.00,0,ALTO
Estudiante 220,2024 - 2025 CII,0.00,0.00,0.00,1,1,1,1.00,3,DESERTOR
Estudiante 221,2024 - 2025 CII,8.60,8.60,88.00,1,0,1,0.00,0,BAJO
Estudiante 222,2024 - 2025 CII,0.00,0.00,0.00,1,1,1,1.00,3,DESERTOR
Estudiante 223,2024 - 2025 CII,6.08,6.08,78.00,2,1,1,1.00,1,ALTO
Estudiante 224,2024 - 2025 CII,8.32,8.32,90.00,1,0,1,0.00,0,BAJO
Estudiante 225,2024 - 2025 CII,7.87,7.87,93.00,1,0,1,0.00,0,BAJO
Estudiante 226,2024 - 2025 CII,2.69,2.69,28.00,1,1,1,1.00,3,DESERTOR
Estudiante 227,2024 - 2025 CII,7.06,7.06,72.00,1,0,1,0.00,0,MEDIO
Estudiante 228,2024 - 2025 CII,7.85,7.85,82.00,1,0,1,0.00,0,BAJO
Estudiante 229,2024 - 2025 CII,8.91,8.91,82.00,1,0,1,0.00,0,BAJO
Estudiante 230,2024 - 2025 CII,7.98,7.98,90.00,1,0,1,0.00,0,BAJO
Estudiante 231,2024 - 2025 CII,0.00,0.00,0.00,1,1,1,1.00,3,DESERTOR
Estudiante 232,2024 - 2025 CII,8.40,8.40,93.00,1,0,1,0.00,0,BAJO
Estudiante 233,2024 - 2025 CII,0.00,0.00,0.00,1,1,1,1.00,3,DESERTOR
Estudiante 234,2024 - 2025 CII,8.24,8.24,88.00,1,0,1,0.00,0,BAJO
Estudiante 235,2024 - 2025 CII,9.01,9.01,100.00,1,0,1,0.00,0,BAJO
Estudiante 236,2024 - 2025 CII,8.92,8.92,97.00,3,0,1,0.00,0,ALTO
Estudiante 237,2024 - 2025 CII,8.35,8.35,85.00,1,0,1,0.00,0,BAJO
Estudiante 238,2024 - 2025 CII,8.14,8.14,100.00,1,0,1,0.00,0,BAJO
Estudiante 239,2024 - 2025 CII,6.71,6.71,90.00,1,1,1,1.00,1,ALTO
Estudiante 240,2024 - 2025 CII,7.26,7.26,100.00,1,0,1,0.00,0,MEDIO
Estudiante 241,2024 - 2025 CII,8.02,8.02,96.00,1,0,1,0.00,0,BAJO
Estudiante 242,2024 - 2025 CII,0.00,0.00,0.00,1,1,1,1.00,3,DESERTOR
Estudiante 243,2024 - 2025 CII,3.11,3.11,76.00,1,1,1,1.00,2,DESERTOR
Estudiante 244,2024 - 2025 CII,7.68,7.68,94.00,2,0,1,0.00,0,ALTO
Estudiante 245,2024 - 2025 CII,7.06,7.06,82.00,2,0,1,0.00,0,ALTO
Estudiante 246,2024 - 2025 CII,7.04,7.04,86.00,1,0,1,0.00,0,MEDIO
Estudiante 247,2024 - 2025 CII,7.82,7.82,72.00,1,0,1,0.00,0,MEDIO
Estudiante 248,2024 - 2025 CII,2.62,2.62,58.00,2,1,1,1.00,2,DESERTOR
Estudiante 249,2024 - 2025 CII,7.02,7.02,90.00,1,0,1,0.00,0,MEDIO
Estudiante 250,2024 - 2025 CII,3.04,3.04,68.00,1,1,1,1.00,2,DESERTOR
Estudiante 251,2024 - 2025 CII,0.00,0.00,0.00,2,1,1,1.00,3,DESERTOR
Estudiante 252,2024 - 2025 CII,8.62,8.62,94.00,1,0,1,0.00,0,BAJO
Estudiante 253,2024 - 2025 CII,8.69,8.69,90.00,2,0,1,0.00,0,ALTO
Estudiante 254,2024 - 2025 CI,0.31,0.00,8.57,1,7,7,1.00,3,DESERTOR
Estudiante 255,2024 - 2025 CI,1.59,0.00,15.71,1,7,7,1.00,3,DESERTOR
Estudiante 256,2024 - 2025 CI,1.10,0.00,21.50,2,4,4,1.00,3,DESERTOR
Estudiante 257,2024 - 2025 CI,3.52,0.00,62.00,2,3,3,1.00,2,DESERTOR
Estudiante 258,2024 - 2025 CI,0.47,0.00,11.00,1,7,7,1.00,3,DESERTOR
Estudiante 259,2024 - 2025 CI,0.60,0.00,13.43,1,7,7,1.00,3,DESERTOR
Estudiante 260,2024 - 2025 CI,3.96,0.00,49.83,1,5,6,0.83,2,DESERTOR
Estudiante 261,2025 - 2026 CI,7.53,7.00,86.29,3,0,7,0.00,0,ALTO
Estudiante 262,2024 - 2025 CI,1.67,0.00,43.57,2,7,7,1.00,2,DESERTOR
Estudiante 263,2024 - 2025 CI,8.17,6.39,94.57,1,1,7,0.14,0,BAJO
Estudiante 264,2024 - 2025 CI,0.18,0.00,22.33,2,6,6,1.00,3,DESERTOR
Estudiante 265,2024 - 2025 CI,4.48,0.00,59.14,1,6,7,0.86,1,ALTO
Estudiante 266,2024 - 2025 CI,4.30,2.17,77.00,2,7,7,1.00,1,ALTO
Estudiante 267,2024 - 2025 CI,1.49,0.00,20.20,2,5,5,1.00,3,DESERTOR
Estudiante 268,2024 - 2025 CI,2.81,0.00,41.57,1,7,7,1.00,2,DESERTOR
Estudiante 269,2024 - 2025 CI,2.50,0.00,32.43,1,7,7,1.00,3,DESERTOR
Estudiante 270,2024 - 2025 CI,0.80,0.00,8.83,1,6,6,1.00,3,DESERTOR
Estudiante 271,2025 - 2026 CI,8.76,7.15,99.43,1,0,7,0.00,0,BAJO
Estudiante 272,2024 - 2025 CI,2.68,0.00,48.00,1,3,3,1.00,2,DESERTOR
Estudiante 273,2025 - 2026 CI,8.30,6.50,96.00,3,1,6,0.17,0,ALTO
Estudiante 274,2024 - 2025 CI,4.66,4.66,63.00,2,1,1,1.00,1,ALTO
Estudiante 275,2024 - 2025 CI,8.45,8.45,93.00,1,0,1,0.00,0,BAJO
Estudiante 276,2024 - 2025 CI,0.00,0.00,0.00,1,1,1,1.00,3,DESERTOR
Estudiante 277,2024 - 2025 CI,6.90,6.90,90.00,1,1,1,1.00,1,ALTO
Estudiante 278,2024 - 2025 CI,7.39,7.39,100.00,1,0,1,0.00,0,MEDIO
Estudiante 279,2024 - 2025 CI,7.77,7.77,94.00,1,0,1,0.00,0,BAJO
Estudiante 280,2024 - 2025 CI,6.30,6.30,96.00,1,1,1,1.00,1,ALTO
Estudiante 281,2024 - 2025 CI,6.92,6.92,96.00,1,1,1,1.00,1,ALTO
Estudiante 282,2024 - 2025 CI,2.92,2.92,67.00,1,1,1,1.00,2,DESERTOR
Estudiante 283,2024 - 2025 CI,7.74,7.74,94.00,1,0,1,0.00,0,BAJO
Estudiante 284,2024 - 2025 CI,7.99,7.99,100.00,1,0,1,0.00,0,BAJO
Estudiante 285,2024 - 2025 CI,5.45,5.45,75.00,1,1,1,1.00,1,ALTO
Estudiante 286,2024 - 2025 CI,0.97,0.97,68.00,1,1,1,1.00,2,DESERTOR
Estudiante 287,2024 - 2025 CI,7.29,7.29,90.00,1,0,1,0.00,0,MEDIO
Estudiante 288,2024 - 2025 CI,6.50,6.50,90.00,2,1,1,1.00,1,ALTO
Estudiante 289,2024 - 2025 CI,8.03,8.03,100.00,1,0,1,0.00,0,BAJO
Estudiante 290,2024 - 2025 CI,3.64,3.64,67.00,1,1,1,1.00,2,DESERTOR
Estudiante 291,2024 - 2025 CI,7.79,7.79,87.00,1,0,1,0.00,0,BAJO
Estudiante 292,2024 - 2025 CI,7.32,7.32,78.00,1,0,1,0.00,0,MEDIO
Estudiante 293,2024 - 2025 CI,4.22,4.22,82.00,2,1,1,1.00,1,ALTO
Estudiante 294,2024 - 2025 CI,1.52,1.52,67.00,1,1,1,1.00,2,DESERTOR
Estudiante 295,2024 - 2025 CI,0.00,0.00,0.00,1,1,1,1.00,3,DESERTOR
Estudiante 296,2024 - 2025 CI,7.57,6.81,98.80,1,1,5,0.20,0,BAJO
Estudiante 297,2024 - 2025 CI,8.77,8.07,98.71,1,0,7,0.00,0,BAJO
Estudiante 298,2024 - 2025 CI,0.85,0.00,19.29,1,7,7,1.00,3,DESERTOR
Estudiante 299,2024 - 2025 CI,4.01,4.01,82.00,1,1,1,1.00,1,ALTO
Estudiante 300,2024 - 2025 CI,3.22,3.22,89.00,1,1,1,1.00,2,DESERTOR
Estudiante 301,2024 - 2025 CI,0.00,0.00,0.00,2,1,1,1.00,3,DESERTOR
Estudiante 302,2024 - 2025 CI,5.55,5.55,96.00,1,1,1,1.00,1,ALTO
Estudiante 303,2024 - 2025 CI,5.71,5.71,96.00,2,1,1,1.00,1,ALTO
Estudiante 304,2024 - 2025 CI,0.00,0.00,0.00,2,1,1,1.00,3,DESERTOR
Estudiante 305,2024 - 2025 CI,7.19,7.19,100.00,1,0,1,0.00,0,MEDIO
Estudiante 306,2024 - 2025 CI,7.83,7.83,96.00,1,0,1,0.00,0,BAJO
Estudiante 307,2024 - 2025 CI,0.00,0.00,0.00,1,1,1,1.00,3,DESERTOR
Estudiante 308,2024 - 2025 CI,5.06,5.06,67.00,2,1,1,1.00,1,ALTO
Estudiante 309,2024 - 2025 CI,7.51,7.51,100.00,1,0,1,0.00,0,BAJO
Estudiante 310,2024 - 2025 CI,7.49,7.49,92.00,1,0,1,0.00,0,MEDIO
Estudiante 311,2024 - 2025 CI,0.00,0.00,0.00,2,1,1,1.00,3,DESERTOR
Estudiante 312,2024 - 2025 CI,6.70,6.70,86.00,1,1,1,1.00,1,ALTO
Estudiante 313,2024 - 2025 CI,6.76,6.76,100.00,1,1,1,1.00,1,ALTO
Estudiante 314,2024 - 2025 CI,8.30,8.30,100.00,1,0,1,0.00,0,BAJO
Estudiante 315,2024 - 2025 CI,7.61,7.61,96.00,1,0,1,0.00,0,BAJO
Estudiante 316,2024 - 2025 CI,7.71,7.71,96.00,1,0,1,0.00,0,BAJO
Estudiante 317,2024 - 2025 CI,0.00,0.00,0.00,1,1,1,1.00,3,DESERTOR
Estudiante 318,2024 - 2025 CI,7.96,7.96,96.00,1,0,1,0.00,0,BAJO
Estudiante 319,2024 - 2025 CI,6.08,6.08,96.00,1,1,1,1.00,1,ALTO
Estudiante 320,2024 - 2025 CI,7.85,7.85,96.00,1,0,1,0.00,0,BAJO
Estudiante 321,2024 - 2025 CI,7.02,7.02,96.00,1,0,1,0.00,0,MEDIO
Estudiante 322,2024 - 2025 CI,7.38,7.38,100.00,1,0,1,0.00,0,MEDIO
Estudiante 323,2024 - 2025 CI,0.21,0.21,0.00,2,1,1,1.00,3,DESERTOR
Estudiante 324,2025 - 2026 CI,8.43,7.01,96.71,1,0,7,0.00,0,BAJO
Estudiante 325,2025 - 2026 CI,4.12,0.00,70.29,1,6,7,0.86,1,ALTO
Estudiante 326,2025 - 2026 CI,9.21,7.04,100.00,1,0,7,0.00,0,BAJO
Estudiante 327,2025 - 2026 CI,9.48,7.43,100.00,1,0,7,0.00,0,BAJO
Estudiante 328,2025 - 2026 CI,8.48,7.58,97.43,1,0,7,0.00,0,BAJO
Estudiante 329,2025 - 2026 CI,8.00,5.75,93.71,1,1,7,0.14,0,BAJO
Estudiante 330,2025 - 2026 CI,0.76,0.00,0.00,1,7,7,1.00,3,DESERTOR
Estudiante 331,2025 - 2026 CI,7.08,3.94,79.43,1,2,7,0.29,0,MEDIO
Estudiante 332,2025 - 2026 CI,7.81,4.46,92.14,1,1,7,0.14,0,BAJO
Estudiante 333,2025 - 2026 CI,9.52,7.50,98.86,1,0,7,0.00,0,BAJO
Estudiante 334,2025 - 2026 CI,8.91,7.76,96.71,1,0,7,0.00,0,BAJO
Estudiante 335,2025 - 2026 CI,8.86,7.21,92.86,1,0,7,0.00,0,BAJO
Estudiante 336,2025 - 2026 CI,7.42,3.55,97.43,1,1,7,0.14,0,MEDIO
Estudiante 337,2025 - 2026 CI,9.53,8.41,100.00,1,0,7,0.00,0,BAJO
Estudiante 338,2025 - 2026 CI,8.53,7.67,92.86,1,0,7,0.00,0,BAJO
Estudiante 339,2025 - 2026 CI,9.44,9.15,98.00,1,0,7,0.00,0,BAJO
Estudiante 340,2025 - 2026 CI,9.11,7.99,98.43,1,0,7,0.00,0,BAJO
Estudiante 341,2025 - 2026 CI,9.02,7.06,92.71,1,0,7,0.00,0,BAJO
Estudiante 342,2025 - 2026 CI,8.69,7.01,96.00,1,0,7,0.00,0,BAJO
Estudiante 343,2025 - 2026 CI,8.79,7.00,97.43,1,0,7,0.00,0,BAJO
Estudiante 344,2025 - 2026 CI,8.55,7.01,96.86,1,0,7,0.00,0,BAJO
Estudiante 345,2025 - 2026 CI,9.00,7.01,98.29,1,0,7,0.00,0,BAJO
Estudiante 346,2025 - 2026 CI,9.11,7.00,97.43,1,0,7,0.00,0,BAJO
Estudiante 347,2025 - 2026 CI,8.85,7.47,94.71,1,0,7,0.00,0,BAJO
Estudiante 348,2025 - 2026 CI,8.99,7.00,98.57,1,0,7,0.00,0,BAJO
Estudiante 349,2025 - 2026 CI,0.17,0.00,0.00,1,7,7,1.00,3,DESERTOR
Estudiante 350,2025 - 2026 CI,8.70,7.10,95.71,1,0,7,0.00,0,BAJO
Estudiante 351,2025 - 2026 CI,8.59,7.58,92.43,1,0,7,0.00,0,BAJO
Estudiante 352,2025 - 2026 CI,9.09,7.71,99.57,1,0,7,0.00,0,BAJO
Estudiante 353,2025 - 2026 CI,3.04,0.00,22.43,1,7,7,1.00,3,DESERTOR
Estudiante 354,2025 - 2026 CI,8.20,7.69,79.50,1,0,4,0.00,0,MEDIO
Estudiante 355,2025 - 2026 CI,9.15,7.55,99.00,1,0,7,0.00,0,BAJO
Estudiante 356,2025 - 2026 CI,8.76,7.01,99.57,1,0,7,0.00,0,BAJO
Estudiante 357,2025 - 2026 CI,8.53,7.19,93.00,1,0,7,0.00,0,BAJO
Estudiante 358,2025 - 2026 CI,9.28,8.30,98.57,1,0,7,0.00,0,BAJO
Estudiante 359,2025 - 2026 CI,8.88,7.27,97.43,1,0,7,0.00,0,BAJO
Estudiante 360,2025 - 2026 CI,9.05,7.21,99.00,1,0,7,0.00,0,BAJO
Estudiante 361,2025 - 2026 CI,9.48,8.52,100.00,1,0,7,0.00,0,BAJO
Estudiante 362,2025 - 2026 CI,9.14,7.03,100.00,1,0,7,0.00,0,BAJO
Estudiante 363,2025 - 2026 CI,9.22,7.22,100.00,1,0,7,0.00,0,BAJO
Estudiante 364,2025 - 2026 CI,9.36,8.09,99.43,1,0,7,0.00,0,BAJO
Estudiante 365,2025 - 2026 CI,9.32,8.00,98.00,1,0,7,0.00,0,BAJO
Estudiante 366,2025 - 2026 CI,9.27,7.35,97.43,1,0,7,0.00,0,BAJO
Estudiante 367,2025 - 2026 CI,9.28,8.42,97.57,1,0,7,0.00,0,BAJO
Estudiante 368,2025 - 2026 CI,1.51,0.00,12.57,1,7,7,1.00,3,DESERTOR
Estudiante 369,2025 - 2026 CI,8.32,7.00,94.86,1,0,7,0.00,0,BAJO
Estudiante 370,2025 - 2026 CI,8.76,5.78,95.14,1,1,7,0.14,0,BAJO
Estudiante 371,2025 - 2026 CI,9.63,9.22,100.00,1,0,7,0.00,0,BAJO
Estudiante 372,2025 - 2026 CI,9.47,8.88,98.00,1,0,7,0.00,0,BAJO
Estudiante 373,2025 - 2026 CI,9.35,7.67,99.57,1,0,7,0.00,0,BAJO
Estudiante 374,2025 - 2026 CI,8.48,7.02,99.14,1,0,7,0.00,0,BAJO
Estudiante 375,2025 - 2026 CI,8.39,7.00,87.29,1,0,7,0.00,0,BAJO
Estudiante 376,2025 - 2026 CI,9.01,7.88,99.57,1,0,7,0.00,0,BAJO
Estudiante 377,2025 - 2026 CI,8.99,7.90,99.57,1,0,7,0.00,0,BAJO
Estudiante 378,2025 - 2026 CI,8.60,7.00,98.57,1,0,7,0.00,0,BAJO
Estudiante 379,2025 - 2026 CI,8.69,7.17,99.14,1,0,7,0.00,0,BAJO
Estudiante 380,2025 - 2026 CI,9.03,7.15,100.00,1,0,7,0.00,0,BAJO
Estudiante 381,2025 - 2026 CI,7.55,4.08,96.83,1,1,6,0.17,0,BAJO
Estudiante 382,2025 - 2026 CI,8.62,7.62,97.29,2,0,7,0.00,0,ALTO
Estudiante 383,2025 - 2026 CI,8.55,7.01,98.29,1,0,7,0.00,0,BAJO
Estudiante 384,2025 - 2026 CI,7.77,7.01,91.86,1,0,7,0.00,0,BAJO
Estudiante 385,2025 - 2026 CI,8.47,7.28,97.43,1,0,7,0.00,0,BAJO
Estudiante 386,2025 - 2026 CI,5.96,2.14,70.29,1,5,7,0.71,0,ALTO
Estudiante 387,2025 - 2026 CI,9.03,7.01,99.43,1,0,7,0.00,0,BAJO
Estudiante 388,2025 - 2026 CI,0.00,0.00,0.00,1,7,7,1.00,3,DESERTOR
Estudiante 389,2025 - 2026 CI,9.15,7.18,96.00,1,0,7,0.00,0,BAJO
Estudiante 390,2025 - 2026 CI,9.41,8.53,99.57,1,0,7,0.00,0,BAJO
Estudiante 391,2025 - 2026 CI,8.67,7.75,92.57,1,0,7,0.00,0,BAJO
Estudiante 392,2025 - 2026 CI,9.30,7.88,95.43,1,0,7,0.00,0,BAJO
Estudiante 393,2025 - 2026 CI,0.15,0.00,8.57,1,7,7,1.00,3,DESERTOR
Estudiante 394,2025 - 2026 CI,8.42,5.45,86.83,1,1,6,0.17,0,BAJO
Estudiante 395,2025 - 2026 CI,8.63,5.48,96.57,1,1,7,0.14,0,BAJO
Estudiante 396,2025 - 2026 CI,9.13,7.00,93.86,1,0,7,0.00,0,BAJO
Estudiante 397,2025 - 2026 CI,9.53,8.70,99.14,1,0,7,0.00,0,BAJO
Estudiante 398,2025 - 2026 CI,8.50,7.04,94.71,1,0,7,0.00,0,BAJO
Estudiante 399,2025 - 2026 CI,6.16,4.17,85.71,1,5,7,0.71,0,ALTO
Estudiante 400,2025 - 2026 CI,8.22,7.38,95.14,1,0,7,0.00,0,BAJO
Estudiante 401,2025 - 2026 CI,0.00,0.00,10.71,1,7,7,1.00,3,DESERTOR
Estudiante 402,2025 - 2026 CI,8.63,7.00,96.43,1,0,7,0.00,0,BAJO
Estudiante 403,2025 - 2026 CI,7.83,7.01,92.14,1,0,7,0.00,0,BAJO
Estudiante 404,2025 - 2026 CI,9.13,7.18,99.57,1,0,7,0.00,0,BAJO
Estudiante 405,2025 - 2026 CI,0.95,0.00,5.71,1,7,7,1.00,3,DESERTOR
Estudiante 406,2025 - 2026 CI,8.39,5.44,96.14,1,1,7,0.14,0,BAJO
Estudiante 407,2025 - 2026 CI,9.04,7.88,93.86,1,0,7,0.00,0,BAJO
Estudiante 408,2025 - 2026 CI,9.73,9.73,96.00,1,0,1,0.00,0,BAJO
Estudiante 409,2025 - 2026 CI,9.52,9.52,94.00,1,0,1,0.00,0,BAJO
Estudiante 410,2025 - 2026 CI,9.77,9.77,100.00,1,0,1,0.00,0,BAJO
Estudiante 411,2025 - 2026 CI,8.27,8.27,94.00,1,0,1,0.00,0,BAJO
Estudiante 412,2025 - 2026 CI,8.56,8.56,90.00,1,0,1,0.00,0,BAJO
Estudiante 413,2025 - 2026 CI,9.65,9.65,100.00,1,0,1,0.00,0,BAJO
Estudiante 414,2025 - 2026 CI,8.74,8.74,96.00,1,0,1,0.00,0,BAJO
Estudiante 415,2025 - 2026 CI,8.47,8.47,84.00,2,0,1,0.00,0,ALTO
Estudiante 416,2025 - 2026 CI,8.54,8.54,94.00,1,0,1,0.00,0,BAJO
Estudiante 417,2025 - 2026 CI,0.00,0.00,0.00,2,1,1,1.00,3,DESERTOR
Estudiante 418,2025 - 2026 CI,9.47,9.47,100.00,1,0,1,0.00,0,BAJO
Estudiante 419,2025 - 2026 CI,9.86,9.86,100.00,1,0,1,0.00,0,BAJO
Estudiante 420,2025 - 2026 CI,7.56,7.56,97.00,1,0,1,0.00,0,BAJO
Estudiante 421,2025 - 2026 CI,9.18,9.18,100.00,1,0,1,0.00,0,BAJO
Estudiante 422,2025 - 2026 CI,9.14,9.14,97.00,1,0,1,0.00,0,BAJO
Estudiante 423,2025 - 2026 CI,8.88,8.88,96.00,1,0,1,0.00,0,BAJO
Estudiante 424,2025 - 2026 CI,8.10,8.10,100.00,1,0,1,0.00,0,BAJO
Estudiante 425,2025 - 2026 CI,5.17,5.17,41.00,2,1,1,1.00,1,ALTO
Estudiante 426,2025 - 2026 CI,4.12,4.12,90.00,1,1,1,1.00,1,ALTO
Estudiante 427,2025 - 2026 CI,8.07,8.07,88.00,1,0,1,0.00,0,BAJO
Estudiante 428,2025 - 2026 CI,4.01,4.01,42.00,1,1,1,1.00,1,ALTO
Estudiante 429,2025 - 2026 CI,9.44,9.44,100.00,1,0,1,0.00,0,BAJO
Estudiante 430,2025 - 2026 CI,9.38,9.38,96.00,1,0,1,0.00,0,BAJO
Estudiante 431,2025 - 2026 CI,7.17,7.17,74.00,2,0,1,0.00,0,ALTO
Estudiante 432,2025 - 2026 CI,8.78,8.78,84.00,1,0,1,0.00,0,BAJO
Estudiante 433,2025 - 2026 CI,4.73,4.73,62.00,1,1,1,1.00,1,ALTO
Estudiante 434,2025 - 2026 CI,9.59,9.59,96.00,1,0,1,0.00,0,BAJO
Estudiante 435,2025 - 2026 CI,7.02,7.02,96.00,1,0,1,0.00,0,MEDIO
Estudiante 436,2025 - 2026 CI,7.39,7.39,79.00,2,0,1,0.00,0,ALTO
Estudiante 437,2025 - 2026 CI,7.23,7.23,84.00,1,0,1,0.00,0,MEDIO
Estudiante 438,2025 - 2026 CI,7.05,7.05,83.00,1,0,1,0.00,0,MEDIO
Estudiante 439,2025 - 2026 CI,7.44,7.44,96.00,1,0,1,0.00,0,MEDIO
Estudiante 440,2025 - 2026 CI,7.26,7.26,96.00,1,0,1,0.00,0,MEDIO
Estudiante 441,2025 - 2026 CI,0.00,0.00,0.00,1,1,1,1.00,3,DESERTOR
Estudiante 442,2025 - 2026 CI,9.58,9.58,96.00,1,0,1,0.00,0,BAJO
Estudiante 443,2025 - 2026 CI,9.08,9.08,100.00,1,0,1,0.00,0,BAJO
Estudiante 444,2023 - 2024 CII,1.73,0.00,47.57,1,7,7,1.00,2,DESERTOR
Estudiante 445,2023 - 2024 CII,1.02,0.00,10.67,1,6,6,1.00,3,DESERTOR
Estudiante 446,2023 - 2024 CII,0.00,0.00,8.00,1,6,6,1.00,3,DESERTOR
Estudiante 447,2023 - 2024 CII,1.87,0.00,12.57,1,7,7,1.00,3,DESERTOR
Estudiante 448,2023 - 2024 CII,3.28,0.00,40.43,1,7,7,1.00,2,DESERTOR
Estudiante 449,2023 - 2024 CII,0.45,0.00,0.00,1,7,7,1.00,3,DESERTOR
Estudiante 450,2023 - 2024 CII,0.24,0.00,0.00,1,7,7,1.00,3,DESERTOR
Estudiante 451,2023 - 2024 CII,3.25,0.00,62.00,1,6,6,1.00,2,DESERTOR
Estudiante 452,2023 - 2024 CII,1.90,0.00,12.57,1,7,7,1.00,3,DESERTOR
Estudiante 453,2023 - 2024 CII,6.75,4.01,96.17,1,3,6,0.50,0,MEDIO
Estudiante 454,2023 - 2024 CII,0.78,0.00,0.00,1,3,3,1.00,3,DESERTOR
Estudiante 455,2023 - 2024 CII,3.41,0.00,37.25,1,3,4,0.75,2,DESERTOR
Estudiante 456,2023 - 2024 CII,8.76,8.76,100.00,1,0,1,0.00,0,BAJO
Estudiante 457,2023 - 2024 CII,9.40,9.40,100.00,1,0,1,0.00,0,BAJO
Estudiante 458,2023 - 2024 CII,8.76,8.76,96.00,1,0,1,0.00,0,BAJO
Estudiante 459,2023 - 2024 CII,9.13,9.13,100.00,1,0,1,0.00,0,BAJO
Estudiante 460,2023 - 2024 CII,6.43,6.43,96.00,1,1,1,1.00,1,ALTO
Estudiante 461,2023 - 2024 CII,7.93,7.93,96.00,1,0,1,0.00,0,BAJO
Estudiante 462,2023 - 2024 CII,9.44,9.44,100.00,1,0,1,0.00,0,BAJO
Estudiante 463,2023 - 2024 CII,8.50,8.50,100.00,1,0,1,0.00,0,BAJO
Estudiante 464,2023 - 2024 CII,7.61,7.61,93.00,1,0,1,0.00,0,BAJO
Estudiante 465,2023 - 2024 CII,2.74,2.74,0.00,1,1,1,1.00,3,DESERTOR
Estudiante 466,2023 - 2024 CII,8.87,8.87,96.00,1,0,1,0.00,0,BAJO
Estudiante 467,2023 - 2024 CII,8.16,8.16,100.00,1,0,1,0.00,0,BAJO
Estudiante 468,2023 - 2024 CII,8.77,8.77,100.00,1,0,1,0.00,0,BAJO
Estudiante 469,2023 - 2024 CII,7.54,7.54,76.00,1,0,1,0.00,0,MEDIO
Estudiante 470,2023 - 2024 CII,7.64,7.64,94.00,1,0,1,0.00,0,BAJO
Estudiante 471,2023 - 2024 CII,6.33,6.33,94.00,1,1,1,1.00,1,ALTO
